"O time venceu o campeonato após uma partida emocionante.",
"A final da Copa do Mundo será realizada no Qatar.",
"O jogador assinou um novo contrato com o clube europeu.",
"A corrida de Fórmula 1 foi adiada devido à chuva forte.",
"Essa foi a primeira medalha de ouro do país nas Olimpíadas.",
"O atleta bateu o recorde mundial na competição de ontem.",
"O governo anunciou novas medidas econômicas para combater a inflação.",
"As eleições presidenciais serão realizadas em outubro.",
"O senado aprovou a nova lei de segurança pública.",
"O uso de drones para entrega de produtos está se tornando comum.",
"A atualização do sistema operacional incluirá novos recursos de segurança.",
"A feira de eletrônicos demonstrou um novo modelo de assistente doméstico inteligente.",
"A rede social anunciou novas medidas para proteger a privacidade dos usuários.",